{
    "data": [
    {
        "V1":-1.6147108166,
        "V2":-2.4065697292,
        "V3":0.3261939287,
        "V4":0.6655195693,
        "V5":2.3692677043,
        "V6":-1.7753665015,
        "V7":-1.1390490544,
        "V8":0.3299044261,
        "V9":0.9038129315,
        "V10":-0.2190134062,
        "V11":-1.7262591003,
        "V12":-0.7367711899,
        "V13":-1.5168349197,
        "V14":0.3483427715,
        "V15":0.0414370543,
        "V16":0.7326813313,
        "V17":-1.1367664653,
        "V18":0.8166529217,
        "V19":-1.5789505276,
        "V20":0.4198350534,
        "V21":0.7013986013,
        "V22":1.1344890703,
        "V23":0.9650543581,
        "V24":0.6409813201,
        "V25":-1.8019978041,
        "V26":-1.0411135262,
        "V27":0.2862851009,
        "V28":0.4373218678,
        "normalizedAmount":0.0305868817
        }
    ]
}